INSERT INTO connect.Skin (id, description, follower, image, title, mature, verified, withPath) VALUES (10011, 'You like Football? Cool! This is the Football Skin. Check it out!', 100, '../assets/connect_img/square/fussball_square.png', 'Football',false,false, true);
INSERT INTO connect.Skin (id, description, follower, image, title, mature, verified, withPath) VALUES (10012, 'You like Prties? Cool! This is the Party Skin. Check it out!', 100, '../assets/connect_img/square/ausgehen_square.png', 'Party',true,true,true);
INSERT INTO connect.Skin (id, description, follower, image, title, mature, verified,withPath) VALUES (10013, 'You like Basketball? Cool! This is the Basketball Skin. Check it out!', 100,'../assets/connect_img/square/basketball_square.png', 'Basketball',false,true,true);
INSERT INTO connect.Skin (id, description, follower, image, title, mature, verified,withPath) VALUES (10014, 'You like Swimming? Cool! This is the Swimming Skin. Check it out!', 100, '../assets/connect_img/square/schwimmen_square.png', 'Swimming',false,true,true);
INSERT INTO connect.Skin (id, description, follower, image, title, mature, verified,withPath) VALUES (10015, 'You like Golf? Cool! This is the Golf Skin. Check it out!', 100, '../assets/connect_img/square/golf_square.png', 'Golf',false,true,true);
INSERT INTO connect.Skin (id, description, follower, image, title, mature, verified,withPath) VALUES (10016, 'You like Volleyball? Cool! This is the Volleyball Skin. Check it out!', 100, '../assets/connect_img/square/volleyball_square.png', 'Volleyball',false,true,true);
INSERT INTO connect.Skin (id, description, follower, image, title, mature, verified,withPath) VALUES (10017, 'You like Tennis? Cool! This is the Tennis Skin. Check it out!', 100, '../assets/connect_img/square/tennis_square.png', 'Tennis',false,true,true);
INSERT INTO connect.Skin (id, description, follower, image, title, mature, verified,withPath) VALUES (10018, 'You like Movie Theaters? Cool! This is the Movie Theater Skin. Check it out!', 100, '../assets/connect_img/square/movieTheater_square.jpg', 'MovieTheater',false,true,true);
INSERT INTO connect.Skin (id, description, follower, image, title, mature, verified,withPath) VALUES (10019, 'You like Restaurants? Cool! This is the Restaurant Skin. Check it out!', 100, '../assets/connect_img/square/restaurant_square.jpg', 'Restaurant',false,true,true);
INSERT INTO connect.Skin (id, description, follower, image, title, mature, verified,withPath) VALUES (10020, 'You like Gaming? Cool! This is the Gaming Skin. Check it out!', 100, '../assets/connect_img/square/gaming_square.jpg', 'Gaming',false,true,true);

INSERT INTO connect.Category (id, title) VALUES (1002, 'Sport');
INSERT INTO connect.Category (id, title) VALUES (1003, 'Outdoors');
INSERT INTO connect.Category (id, title) VALUES (1004, 'Indoors');
INSERT INTO connect.Category (id, title) VALUES (1005, 'Food');
INSERT INTO connect.Category (id, title) VALUES (1006, 'Music');



INSERT INTO connect.Skin_Category (skins_id, categories_id) VALUES (10011, 1002);
INSERT INTO connect.Skin_Category (skins_id, categories_id) VALUES (10012, 1006);
INSERT INTO connect.Skin_Category (skins_id, categories_id) VALUES (10013, 1002);
INSERT INTO connect.Skin_Category (skins_id, categories_id) VALUES (10014, 1002);
INSERT INTO connect.Skin_Category (skins_id, categories_id) VALUES (10015, 1002);
INSERT INTO connect.Skin_Category (skins_id, categories_id) VALUES (10016, 1002);
INSERT INTO connect.Skin_Category (skins_id, categories_id) VALUES (10017, 1002);
INSERT INTO connect.Skin_Category (skins_id, categories_id) VALUES (10018, 1004);
INSERT INTO connect.Skin_Category (skins_id, categories_id) VALUES (10019, 1004);
INSERT INTO connect.Skin_Category (skins_id, categories_id) VALUES (10020, 1004);
INSERT INTO connect.Skin_Category (skins_id, categories_id) VALUES (10011, 1003);
INSERT INTO connect.Skin_Category (skins_id, categories_id) VALUES (10012, 1003);
INSERT INTO connect.Skin_Category (skins_id, categories_id) VALUES (10013, 1003);
INSERT INTO connect.Skin_Category (skins_id, categories_id) VALUES (10014, 1003);
INSERT INTO connect.Skin_Category (skins_id, categories_id) VALUES (10015, 1003);
INSERT INTO connect.Skin_Category (skins_id, categories_id) VALUES (10016, 1003);
INSERT INTO connect.Skin_Category (skins_id, categories_id) VALUES (10017, 1003);
INSERT INTO connect.Skin_Category (skins_id, categories_id) VALUES (10019, 1005);


INSERT INTO connect.User (id, birthday, description, gender, hideLocation, blockConnect, profilePicture, tutorialStage) VALUES ('0f95e11b-5ac0-4f59-883a-4e6aadd6fc65', null, null, 'm',false, false,null, 0);
INSERT INTO connect.User (id, birthday, description, gender, hideLocation, blockConnect,profilePicture, tutorialStage) VALUES ('306b6e8e-b11a-4059-b91b-689c59026702', null, null, 'm',false, false, null, 0);
INSERT INTO connect.User (id, birthday, description, gender, hideLocation, blockConnect,profilePicture, tutorialStage) VALUES ('d7be2af6-5fe9-4f53-a788-6a25a1580258', null, null, 'm',false, false, null, 0);
INSERT INTO connect.User (id, birthday, description, gender, hideLocation, blockConnect,profilePicture, tutorialStage) VALUES ('06f1a6d6-a5dc-4a2e-bd46-0f0734bf61e3', null, null, 'm',false, false, null, 0);
INSERT INTO connect.User (id, birthday, description, gender, hideLocation, blockConnect,profilePicture, tutorialStage) VALUES ('6096ea87-37fc-4bfb-8bf3-8b16816d6349', null, null, 'm',false, false, null, 0);
INSERT INTO connect.User (id, birthday, description, gender,hideLocation, blockConnect, profilePicture, tutorialStage) VALUES ('7e375e76-dc48-4c84-94ad-ce512effc6d9', null, null, 'm',false, false, null, 0);
INSERT INTO connect.User (id, birthday, description, gender, hideLocation, blockConnect,profilePicture, tutorialStage) VALUES ('85d71aa5-aae8-48c1-8145-9cb3163d41bd', null, null, 'm',false, false, null, 0);
INSERT INTO connect.User (id, birthday, description, gender, hideLocation, blockConnect,profilePicture, tutorialStage) VALUES ('88db121c-4f49-42c2-8f96-5db7d3cbe75a', null, null, 'm',false, false, null, 0);
INSERT INTO connect.User (id, birthday, description, gender, hideLocation, blockConnect,profilePicture, tutorialStage) VALUES ('8ba5c9b4-47a1-445e-bc2b-689d7dcf44d3', null, null, 'm',false, false, null, 0);
INSERT INTO connect.User (id, birthday, description, gender, hideLocation, blockConnect,profilePicture, tutorialStage) VALUES ('3481f55b-5440-4984-b888-b983a8879f07', null, null, 'm',false, false, null, 0);
INSERT INTO connect.User (id, birthday, description, gender, hideLocation, blockConnect,profilePicture, tutorialStage) VALUES ('e8da2bad-ec77-4814-ac53-a57bd4571d7c', null, null, 'm',false, false, null, 0);
INSERT INTO connect.User (id, birthday, description, gender, hideLocation, blockConnect,profilePicture, tutorialStage) VALUES ('b03251fb-abda-4045-838f-7808bea46601', null, null, 'm',false, false, null, 0);
INSERT INTO connect.User (id, birthday, description, gender, hideLocation, blockConnect,profilePicture, tutorialStage) VALUES ('cf0f860a-8a18-4967-b010-233a7cef9bc3', null, null, 'm',false, false, null, 0);
INSERT INTO connect.User (id, birthday, description, gender, hideLocation, blockConnect,profilePicture, tutorialStage) VALUES ('ec4b5ad7-d282-4970-b3e4-3342e16a82f5', null, null, 'm',false, false, null, 0);
INSERT INTO connect.User (id, birthday, description, gender, hideLocation, blockConnect,profilePicture, tutorialStage) VALUES ('0d3dcf03-9d38-4c12-af82-a9467c786db5', null, null, 'm',false, false, null, 0);
INSERT INTO connect.User (id, birthday, description, gender, hideLocation, blockConnect,profilePicture, tutorialStage) VALUES ('2ad6f082-f92c-4934-9ef2-57feab03dfd6', null, null, 'm',false, false, null, 0);
INSERT INTO connect.User (id, birthday, description, gender, hideLocation, blockConnect,profilePicture, tutorialStage) VALUES ('ceadee37-07d9-444c-817d-b7d2d6d21a0a', null, null, 'm',false, false, null, 0);

INSERT INTO connect.User (id, birthday, description, gender, hideLocation, blockConnect,profilePicture, tutorialStage) VALUES ('cbe5669f-1de9-4b8c-aef3-416435538001', null, null, 'm',false, false, null, 0);
INSERT INTO connect.User (id, birthday, description, gender,hideLocation, blockConnect, profilePicture, tutorialStage) VALUES ('97717d5e-46d8-4139-b3f8-369927b8ae0b', null, null, 'm',false, false, null, 0);
INSERT INTO connect.User (id, birthday, description, gender,hideLocation, blockConnect, profilePicture, tutorialStage) VALUES ('8b64f104-f757-48c1-b2b4-92f2c1643a0e', null, null, 'm',false, false, null, 0);

/* Jan änder ID SOFORT */
INSERT INTO connect.User (id, birthday, description, gender,hideLocation, blockConnect, profilePicture, tutorialStage) VALUES ('0cfb2459-a0fb-47ba-804f-08305d7cec31', null, null, 'm',false, false, null, 0);
INSERT INTO connect.User (id, birthday, description, gender,hideLocation, blockConnect, profilePicture, tutorialStage) VALUES ('07e79142-5d4a-4fed-ac27-8388c68c89fe', null, null, 'm',false, false, null, 0);
INSERT INTO connect.User (id, birthday, description, gender,hideLocation, blockConnect, profilePicture, tutorialStage) VALUES ('7fb41cd2-5f47-4478-8f8d-b265e4481f3b', null, null, 'm',false, false, null, 0);


INSERT INTO connect.MySkin (id, age, niveau, radius, selected, showInMap, skin_id, user_id) VALUES (10019, 30, 1, 5, false, false, 10011, 'cf0f860a-8a18-4967-b010-233a7cef9bc3');
INSERT INTO connect.MySkin (id, age, niveau, radius, selected, showInMap, skin_id, user_id) VALUES (10020, 30, 1, 5, false, false, 10011, '6096ea87-37fc-4bfb-8bf3-8b16816d6349');
INSERT INTO connect.MySkin (id, age, niveau, radius, selected, showInMap, skin_id, user_id) VALUES (10021, 30, 1, 5, false, false, 10011, '3481f55b-5440-4984-b888-b983a8879f07');
INSERT INTO connect.MySkin (id, age, niveau, radius, selected, showInMap, skin_id, user_id) VALUES (10035, 20, 1, 1, true, false, 10011, '85d71aa5-aae8-48c1-8145-9cb3163d41bd');
INSERT INTO connect.MySkin (id, age, niveau, radius, selected, showInMap, skin_id, user_id) VALUES (10036, 20, 1, 1, false, false, 10012, '85d71aa5-aae8-48c1-8145-9cb3163d41bd');

INSERT INTO connect.Friendship (id, created, status, user1, user2) VALUES (10022, '2021-10-16 11:07:51.962261', 'cool', '06f1a6d6-a5dc-4a2e-bd46-0f0734bf61e3', '306b6e8e-b11a-4059-b91b-689c59026702');
INSERT INTO connect.Friendship (id, created, status, user1, user2) VALUES (10023, '2021-10-16 11:07:51.962380', 'cool', 'e8da2bad-ec77-4814-ac53-a57bd4571d7c', 'd7be2af6-5fe9-4f53-a788-6a25a1580258');
INSERT INTO connect.Friendship (id, created, status, user1, user2) VALUES (10024, '2021-10-16 11:07:51.962392', 'cool', 'ec4b5ad7-d282-4970-b3e4-3342e16a82f5', '0f95e11b-5ac0-4f59-883a-4e6aadd6fc65');
INSERT INTO connect.Friendship (id, created, status, user1, user2) VALUES (10025, '2021-10-16 11:07:51.962408', 'cool', '6096ea87-37fc-4bfb-8bf3-8b16816d6349', 'ec4b5ad7-d282-4970-b3e4-3342e16a82f5');
INSERT INTO connect.Friendship (id, created, status, user1, user2) VALUES (10026, '2021-10-16 11:07:51.962417', 'cool', '6096ea87-37fc-4bfb-8bf3-8b16816d6349', '0f95e11b-5ac0-4f59-883a-4e6aadd6fc65');
INSERT INTO connect.Friendship (id, created, status, user1, user2) VALUES (10027, '2021-10-16 11:07:51.962424', 'cool', '88db121c-4f49-42c2-8f96-5db7d3cbe75a', '8ba5c9b4-47a1-445e-bc2b-689d7dcf44d3');
INSERT INTO connect.Friendship (id, created, status, user1, user2) VALUES (10028, '2021-10-16 11:07:51.962431', 'cool', '88db121c-4f49-42c2-8f96-5db7d3cbe75a', '7e375e76-dc48-4c84-94ad-ce512effc6d9');
INSERT INTO connect.Friendship (id, created, status, user1, user2) VALUES (10029, '2021-10-16 11:07:51.962431', 'cool', '0d3dcf03-9d38-4c12-af82-a9467c786db5', '2ad6f082-f92c-4934-9ef2-57feab03dfd6');
INSERT INTO connect.Friendship (id, created, status, user1, user2) VALUES (10030, '2021-10-16 11:07:51.962431', 'cool', '0d3dcf03-9d38-4c12-af82-a9467c786db5', 'ceadee37-07d9-444c-817d-b7d2d6d21a0a');
INSERT INTO connect.Friendship (id, created, status, user1, user2) VALUES (10031, '2021-10-16 11:07:51.962431', 'cool', 'e8da2bad-ec77-4814-ac53-a57bd4571d7c', 'b03251fb-abda-4045-838f-7808bea46601');
INSERT INTO connect.Friendship (id, created, status, user1, user2) VALUES (10032, '2021-10-16 11:07:51.962431', 'cool', '3481f55b-5440-4984-b888-b983a8879f07', '85d71aa5-aae8-48c1-8145-9cb3163d41bd');
/*INSERT INTO connect.Friendship (id, created, status, user1, user2) VALUES (100111, '2021-10-16 11:07:51.962431', 'cool', 'cbe5669f-1de9-4b8c-aef3-416435538001', '97717d5e-46d8-4139-b3f8-369927b8ae0b');*/
INSERT INTO connect.Friendship (id, created, status, user1, user2) VALUES (100112, '2021-10-16 11:07:51.962431', 'cool', 'cbe5669f-1de9-4b8c-aef3-416435538001', '8b64f104-f757-48c1-b2b4-92f2c1643a0e');
INSERT INTO connect.Friendship (id, created, status, user1, user2) VALUES (100113, '2021-10-16 11:07:51.962431', 'cool', '8b64f104-f757-48c1-b2b4-92f2c1643a0e', '97717d5e-46d8-4139-b3f8-369927b8ae0b');

/* Jan änderijivnrevd c SOFORT*/
INSERT INTO connect.Friendship (id, created, status, user1, user2) VALUES (10050, '2021-10-16 11:07:51.962261', 'cool', '85d71aa5-aae8-48c1-8145-9cb3163d41bd', '0cfb2459-a0fb-47ba-804f-08305d7cec31');
INSERT INTO connect.Friendship (id, created, status, user1, user2) VALUES (10051, '2021-10-16 11:07:51.962261', 'cool', '85d71aa5-aae8-48c1-8145-9cb3163d41bd', '07e79142-5d4a-4fed-ac27-8388c68c89fe');
INSERT INTO connect.Friendship (id, created, status, user1, user2) VALUES (10052, '2021-10-16 11:07:51.962380', 'cool', '85d71aa5-aae8-48c1-8145-9cb3163d41bd', '7fb41cd2-5f47-4478-8f8d-b265e4481f3b');

INSERT INTO connect.Friendship_Skin (Friendship_id, skins_id) VALUES (10022, 10011);
INSERT INTO connect.Friendship_Skin (Friendship_id, skins_id) VALUES (10023, 10011);
INSERT INTO connect.Friendship_Skin (Friendship_id, skins_id) VALUES (10024, 10011);
INSERT INTO connect.Friendship_Skin (Friendship_id, skins_id) VALUES (10025, 10012);
INSERT INTO connect.Friendship_Skin (Friendship_id, skins_id) VALUES (10026, 10012);
INSERT INTO connect.Friendship_Skin (Friendship_id, skins_id) VALUES (10027, 10012);
INSERT INTO connect.Friendship_Skin (Friendship_id, skins_id) VALUES (10028, 10012);

INSERT INTO connect.user_position_mapping (user_id, degrees, latlng) VALUES ('0f95e11b-5ac0-4f59-883a-4e6aadd6fc65', 48.305394, 'lat');
INSERT INTO connect.user_position_mapping (user_id, degrees, latlng) VALUES ('306b6e8e-b11a-4059-b91b-689c59026702', 24.305394, 'lat');
INSERT INTO connect.user_position_mapping (user_id, degrees, latlng) VALUES ('0f95e11b-5ac0-4f59-883a-4e6aadd6fc65', 14.287337, 'lng');
INSERT INTO connect.user_position_mapping (user_id, degrees, latlng) VALUES ('306b6e8e-b11a-4059-b91b-689c59026702', 7.287337, 'lng');
INSERT INTO connect.user_position_mapping (user_id, degrees, latlng) VALUES ('d7be2af6-5fe9-4f53-a788-6a25a1580258', 81.007, 'lat');
INSERT INTO connect.user_position_mapping (user_id, degrees, latlng) VALUES ('d7be2af6-5fe9-4f53-a788-6a25a1580258', 0.3, 'lng');
INSERT INTO connect.user_position_mapping (user_id, degrees, latlng) VALUES ('6096ea87-37fc-4bfb-8bf3-8b16816d6349', 48.307293, 'lat');
INSERT INTO connect.user_position_mapping (user_id, degrees, latlng) VALUES ('6096ea87-37fc-4bfb-8bf3-8b16816d6349', 14.286994, 'lng');
INSERT INTO connect.user_position_mapping (user_id, degrees, latlng) VALUES ('7e375e76-dc48-4c84-94ad-ce512effc6d9', -156.34, 'lat');
INSERT INTO connect.user_position_mapping (user_id, degrees, latlng) VALUES ('7e375e76-dc48-4c84-94ad-ce512effc6d9', -103.39, 'lng');
INSERT INTO connect.user_position_mapping (user_id, degrees, latlng) VALUES ('85d71aa5-aae8-48c1-8145-9cb3163d41bd', 48.2054013, 'lat');
INSERT INTO connect.user_position_mapping (user_id, degrees, latlng) VALUES ('85d71aa5-aae8-48c1-8145-9cb3163d41bd', 14.0580656, 'lng');
INSERT INTO connect.user_position_mapping (user_id, degrees, latlng) VALUES ('88db121c-4f49-42c2-8f96-5db7d3cbe75a', -74.543, 'lat');
INSERT INTO connect.user_position_mapping (user_id, degrees, latlng) VALUES ('88db121c-4f49-42c2-8f96-5db7d3cbe75a', 9.33, 'lng');
INSERT INTO connect.user_position_mapping (user_id, degrees, latlng) VALUES ('8ba5c9b4-47a1-445e-bc2b-689d7dcf44d3', -12.9, 'lat');
INSERT INTO connect.user_position_mapping (user_id, degrees, latlng) VALUES ('8ba5c9b4-47a1-445e-bc2b-689d7dcf44d3', -120, 'lng');
INSERT INTO connect.user_position_mapping (user_id, degrees, latlng) VALUES ('3481f55b-5440-4984-b888-b983a8879f07', 48.205414999999995, 'lat');
INSERT INTO connect.user_position_mapping (user_id, degrees, latlng) VALUES ('3481f55b-5440-4984-b888-b983a8879f07', 14.058034399999999, 'lng');
INSERT INTO connect.user_position_mapping (user_id, degrees, latlng) VALUES ('e8da2bad-ec77-4814-ac53-a57bd4571d7c', 12.9, 'lat');
INSERT INTO connect.user_position_mapping (user_id, degrees, latlng) VALUES ('e8da2bad-ec77-4814-ac53-a57bd4571d7c', 120, 'lng');
INSERT INTO connect.user_position_mapping (user_id, degrees, latlng) VALUES ('b03251fb-abda-4045-838f-7808bea46601', 48.27776187468075, 'lat');
INSERT INTO connect.user_position_mapping (user_id, degrees, latlng) VALUES ('b03251fb-abda-4045-838f-7808bea46601', 14.307813528905484, 'lng');
INSERT INTO connect.user_position_mapping (user_id, degrees, latlng) VALUES ('cf0f860a-8a18-4967-b010-233a7cef9bc3', 48.26854300052356, 'lat');
INSERT INTO connect.user_position_mapping (user_id, degrees, latlng) VALUES ('cf0f860a-8a18-4967-b010-233a7cef9bc3', 14.244409970317164, 'lng');
INSERT INTO connect.user_position_mapping (user_id, degrees, latlng) VALUES ('ec4b5ad7-d282-4970-b3e4-3342e16a82f5', 40, 'lat');
INSERT INTO connect.user_position_mapping (user_id, degrees, latlng) VALUES ('ec4b5ad7-d282-4970-b3e4-3342e16a82f5', 14, 'lng');

/* id SOFORT*/


INSERT INTO connect.user_position_mapping (user_id, degrees, latlng) VALUES ('0cfb2459-a0fb-47ba-804f-08305d7cec31', 48.205946, 'lat');
INSERT INTO connect.user_position_mapping (user_id, degrees, latlng) VALUES ('0cfb2459-a0fb-47ba-804f-08305d7cec31', 14.055512, 'lng');
INSERT INTO connect.user_position_mapping (user_id, degrees, latlng) VALUES ('07e79142-5d4a-4fed-ac27-8388c68c89fe', 48.205817, 'lat');
INSERT INTO connect.user_position_mapping (user_id, degrees, latlng) VALUES ('07e79142-5d4a-4fed-ac27-8388c68c89fe', 14.060232, 'lng');
INSERT INTO connect.user_position_mapping (user_id, degrees, latlng) VALUES ('7fb41cd2-5f47-4478-8f8d-b265e4481f3b', 48.204866, 'lat');
INSERT INTO connect.user_position_mapping (user_id, degrees, latlng) VALUES ('7fb41cd2-5f47-4478-8f8d-b265e4481f3b', 14.056990, 'lng');

INSERT INTO connect.Room (id, created, type, updated) VALUES (1005, null, 'DM', null);
INSERT INTO connect.Room (id, created, type, updated) VALUES (1006, null, 'DM', null);
INSERT INTO connect.Room (id, created, type, updated) VALUES (1007, null, 'DM', null);
INSERT INTO connect.Room (id, created, type, updated) VALUES (1008, null, 'DM', null);
INSERT INTO connect.Room (id, created, type, updated) VALUES (10010, null, 'DM', null);
INSERT INTO connect.Room (id, created, type, updated) VALUES (10011, null, 'DM', null);
INSERT INTO connect.Room (id, created, type, updated) VALUES (10012, null, 'DM', null);
INSERT INTO connect.Room (id, created, type, updated) VALUES (10013, null, 'DM', null);
INSERT INTO connect.Room (id, created, type, updated) VALUES (10014, null, 'MU', null);
INSERT INTO connect.Room (id, created, type, updated) VALUES (10015, null, 'DM', null);
INSERT INTO connect.Room (id, created, type, updated) VALUES (10016, null, 'DM', null);

INSERT INTO connect.Room (id, created, type, updated) VALUES (10017, null, 'DM', null);
INSERT INTO connect.Room (id, created, type, updated) VALUES (10018, null, 'DM', null);
INSERT INTO connect.Room (id, created, type, updated) VALUES (10019, null, 'DM', null);

INSERT INTO connect.Room (id, created, type, updated) VALUES (10020, null, 'DM', null);
INSERT INTO connect.Room (id, created, type, updated) VALUES (10021, null, 'DM', null);
INSERT INTO connect.Room (id, created, type, updated) VALUES (10022, null, 'DM', null);

INSERT INTO connect.Room_Members (room_id, user_id) VALUES (1005, '88db121c-4f49-42c2-8f96-5db7d3cbe75a');
INSERT INTO connect.Room_Members (room_id, user_id) VALUES (1005, '8ba5c9b4-47a1-445e-bc2b-689d7dcf44d3');
INSERT INTO connect.Room_Members (room_id, user_id) VALUES (1006, 'ec4b5ad7-d282-4970-b3e4-3342e16a82f5');
INSERT INTO connect.Room_Members (room_id, user_id) VALUES (1006, '0f95e11b-5ac0-4f59-883a-4e6aadd6fc65');
INSERT INTO connect.Room_Members (room_id, user_id) VALUES (1007, 'ec4b5ad7-d282-4970-b3e4-3342e16a82f5');
INSERT INTO connect.Room_Members (room_id, user_id) VALUES (1007, '6096ea87-37fc-4bfb-8bf3-8b16816d6349');
INSERT INTO connect.Room_Members (room_id, user_id) VALUES (1008, 'e8da2bad-ec77-4814-ac53-a57bd4571d7c');
INSERT INTO connect.Room_Members (room_id, user_id) VALUES (1008, 'd7be2af6-5fe9-4f53-a788-6a25a1580258');
INSERT INTO connect.Room_Members (room_id, user_id) VALUES (10010, '7e375e76-dc48-4c84-94ad-ce512effc6d9');
INSERT INTO connect.Room_Members (room_id, user_id) VALUES (10010, '88db121c-4f49-42c2-8f96-5db7d3cbe75a');
INSERT INTO connect.Room_Members (room_id, user_id) VALUES (10012, '0d3dcf03-9d38-4c12-af82-a9467c786db5');
INSERT INTO connect.Room_Members (room_id, user_id) VALUES (10012, '2ad6f082-f92c-4934-9ef2-57feab03dfd6');
INSERT INTO connect.Room_Members (room_id, user_id) VALUES (10011, '0d3dcf03-9d38-4c12-af82-a9467c786db5');
INSERT INTO connect.Room_Members (room_id, user_id) VALUES (10011, 'ceadee37-07d9-444c-817d-b7d2d6d21a0a');
INSERT INTO connect.Room_Members (room_id, user_id) VALUES (10013, 'e8da2bad-ec77-4814-ac53-a57bd4571d7c');
INSERT INTO connect.Room_Members (room_id, user_id) VALUES (10013, 'b03251fb-abda-4045-838f-7808bea46601');
INSERT INTO connect.Room_Members (room_id, user_id) VALUES (10014, 'e8da2bad-ec77-4814-ac53-a57bd4571d7c');
INSERT INTO connect.Room_Members (room_id, user_id) VALUES (10014, 'b03251fb-abda-4045-838f-7808bea46601');
INSERT INTO connect.Room_Members (room_id, user_id) VALUES (10014, 'd7be2af6-5fe9-4f53-a788-6a25a1580258');
INSERT INTO connect.Room_Members (room_id, user_id) VALUES (10015, '3481f55b-5440-4984-b888-b983a8879f07');
INSERT INTO connect.Room_Members (room_id, user_id) VALUES (10015, '85d71aa5-aae8-48c1-8145-9cb3163d41bd');
INSERT INTO connect.Room_Members (room_id, user_id) VALUES (10016, '06f1a6d6-a5dc-4a2e-bd46-0f0734bf61e3');
INSERT INTO connect.Room_Members (room_id, user_id) VALUES (10016, '306b6e8e-b11a-4059-b91b-689c59026702');

/*INSERT INTO connect.Room_Members (room_id, user_id) VALUES (10017, 'cbe5669f-1de9-4b8c-aef3-416435538001');
INSERT INTO connect.Room_Members (room_id, user_id) VALUES (10017, '97717d5e-46d8-4139-b3f8-369927b8ae0b');*/
INSERT INTO connect.Room_Members (room_id, user_id) VALUES (10018, 'cbe5669f-1de9-4b8c-aef3-416435538001');
INSERT INTO connect.Room_Members (room_id, user_id) VALUES (10018, '8b64f104-f757-48c1-b2b4-92f2c1643a0e');
INSERT INTO connect.Room_Members (room_id, user_id) VALUES (10019, '97717d5e-46d8-4139-b3f8-369927b8ae0b');
INSERT INTO connect.Room_Members (room_id, user_id) VALUES (10019, '8b64f104-f757-48c1-b2b4-92f2c1643a0e');

INSERT INTO connect.Message (id, created, image, message, updated, room_id, user_id) VALUES (68, STR_TO_DATE('1-01-2012-7', '%d-%m-%Y-%h'), null, 'schreib ma wennst zeit hast', null, 10018,'8b64f104-f757-48c1-b2b4-92f2c1643a0e');

/* SOFORT*/

INSERT INTO connect.Room_Members (room_id, user_id) VALUES (10020, '85d71aa5-aae8-48c1-8145-9cb3163d41bd');
INSERT INTO connect.Room_Members (room_id, user_id) VALUES (10020, '0cfb2459-a0fb-47ba-804f-08305d7cec31');
INSERT INTO connect.Room_Members (room_id, user_id) VALUES (10021, '85d71aa5-aae8-48c1-8145-9cb3163d41bd');
INSERT INTO connect.Room_Members (room_id, user_id) VALUES (10021, '07e79142-5d4a-4fed-ac27-8388c68c89fe');
INSERT INTO connect.Room_Members (room_id, user_id) VALUES (10022, '85d71aa5-aae8-48c1-8145-9cb3163d41bd');
INSERT INTO connect.Room_Members (room_id, user_id) VALUES (10022, '7fb41cd2-5f47-4478-8f8d-b265e4481f3b');

INSERT INTO connect.Image(Id, img, userId)  values (9999, 0xFFD8FFE000104A46494600010100000100010000FFE100AE45786966000049492A000800000003000E0102006100000032000000120103000100000001000000698704000100000094000000000000007B226F726967696E223A2267616C6C657279222C22756964223A2230373833333343342D304541432D343645462D393035362D4342393643413542383142395F31353938353438353433313838222C22736F75726365223A226F74686572227D0000010001A00300010000000100000000000000FFED008250686F746F73686F7020332E30003842494D04040000000000651C027800607B226F726967696E223A2267616C6C657279222C22756964223A2230373833333343342D304541432D343645462D393035362D4342393643413542383142395F31353938353438353433313838222C22736F75726365223A226F74686572227D00FFDB004300030202020202030202020303030304060404040404080606050609080A0A090809090A0C0F0C0A0B0E0B09090D110D0E0F101011100A0C12131210130F101010FFDB00430103030304030408040408100B090B1010101010101010101010101010101010101010101010101010101010101010101010101010101010101010101010101010FFC20011080190019003011100021101031101FFC4001A000100030101010000000000000000000000040506030102FFC4001A010100030101010000000000000000000000010204030506FFDA000C03010002100310000002B9CDF300000000000000000000000000000000000000000000000000000000000000000000000000000000000000000000000000000000000000000000000000000000000000000000000000000000000000000000000000000000000000000000000000000000000000000000000000000000000000000000000000000000000000000000000000000000000000000000000000000000000000000000000000000000000000000000000000000000000000000000000000000000000000000000000000000000000000000000000000000000000000000000439E95F3DA2CDF92C3AAB2A29611C6647300000000000000000000000000000479BD05B5C39E800000991CEFEB9244500000000000000000000000000021CF4CDDF6FC240000007DA3494C5323980000000000000000000000001C56CB74DFCD200000000E88D4F3C1D9500000000000000000000000019BBED813D40000000004F8E5A4A62000000000000000000000000893D32F7DC00000000000D4530CB8E600000000000000000000000A0B6BABB77000000000005A5785FD7200000000000000000000000325D3D0E2B000000000003B2BADE7E780000000000000000000001C56C974F400000000000006B79F9FD950000000000000000000001067AE6AFB400000000000069698A74720000000000000000000001596EF9FB6B0000000000001A0AE4B3AF00000000000000000000001516D1476D40000000000002F2B96DEB9C00000000000000000000053DB4525B50000000000000BBAE5B8AE70000000000000000000001536D1456D40000000000002F6B96DAB9C000000000000000000000574F6CEDF60000000000000D1531D8C710000000000000000000001C66D92BFA0000000000000359CFCFEEA8000000000000000000000196BEE8B3D0000000000012A39EA6984000000000000000000000015F3DB397D800000000000D1D31D8471000000000000000000000000A4B69A7B690000000001715CD775CC000000000000000000000000057CF6A5B698D3700000012629755CD611C4000000000000000000000000000479BC39E9C16E6B7921EC3A2BDD5991CE44500000000000000000000000000000000000000000000000000000000000000000000000000000000000000000000000000000000007CA78CDBE123ED1DA2BF48000000000000000000000000000000873D2BA7B419EBC26FE000F4EF149D1CAC638CC8E600000000000000000000000000AE9ED4D6D31A6E000000009314B9AE6B18E200000000000000000000000E336CFDB5C29EA000000000009B1CAFEB93BC540000000000000000000020CF5CEDF67C240000000000007DA3454C73A39000000000000000000015D3DB3D7D9E000000000000000F4D0D31D8C71000000000000000000833D7377DBE00000000000000003D3494C53A3900000000000000001C56CB74DFCD200000000000000000E88D4F3C1D9500000000000000019ABED833D40000000000000000004E8E5A5A62000000000000000AF9ED9CBEC0000000000000000000068E98EC2388000000000000032B7DF1A6E000000000000000000009314D5530000000000000010A7AE66FB400000000000000000000069A98A6C7200000000000019FBEBAC9EE0000000000000000000002CEBC3415C8000000000000321D3D0E6B0000000000000000000000E8AEBF9F9E0000000000011E6F94BEF000000000000000000000006AE9824450000000000015D3DB3B7D800000000000000000000000D1531D8C71000007FFFDA000C030100020003000000210000000000000000000000000000000000000000000000000000000000000000000000000000000000000000000000000000000000000000000000000000000000000000000000000000000000000000000000000000000000000000000000000000000000000000000000000000000000000000000000000000000000000000000000000000000000000000000000000000000000000000000000000000000000000000000000000000000000000000000000000000000000000000000000000000000000000000000000000000000000000000000054DB6A80000000000000000000000000000049249249200000000000000000000000000003249249248400000000000000000000000000C49249249206000000000000000000000000009249249249000000000000000000000000001249249249248000000000000000000000000349249249249260000000000000000000000003249249249248400000000000000000000001A4924924924924C00000000000000000000006924924924924930000000000000000000000124924924924924000000000000000000000004924924924924920000000000000000000000164924924924924A000000000000000000000049249249249249200000000000000000000001A4924924924924C0000000000000000000000192492492492493800000000000000000000001C924924924927000000000000000000000000D24924924924980000000000000000000000007924924924938000000000000000000000000012924924912000000000000000000000000000004F89DE000000000000000000000000000000000000000000000000000000000000000000000000000000000000000000000000000000000001000200000000000000000000000000000005F12483B20000000000000000000000000009492492492260000000000000000000000005C924924924927A0000000000000000000001C924924924924923000000000000000000003924924924924924918000000000000000000D249249249249249249800000000000000001C4924924924924924920600000000000000001924924924924924924908000000000000000524924924924924924924880000000000000014924924924924924924922000000000000002924924924924924924924910000000000000164924924924924924924924E0000000000000D924924924924924924924929000000000000124924924924924924924924800000000000014924924924924924924924926000000FFFDA000C03010002000300000010FF00FF00FF00FF00FF00FF00FF00FF00FF00FF00FF00FF00FF00FF00FF00FF00FF00FF00FF00FF00FF00FF00FF00FF00FF00FF00FF00FF00FF00FF00FF00FF00FF00FF00FF00FF00FF00FF00FF00FF00FF00FF00FF00FF00FF00FF00FF00FF00FF00FF00FF00FF00FF00FF00FF00FF00FF00FF00FF00FF00FF00FF00FF00FF00FF00FF00FF00FF00FF00FF00FF00FF00FF00FF00FF00FF00FF00FF00FF00FF00FF00FF00FF00FF00FF00FF00FF00FF00FF00FF00FF00FF00FF00FF00FF00FF00FF00FF00FF00FF00FF00FF00FF00FF00FF00FF00FF00FF00FF00FF00FF00FF00FF00FF00FF00FF00FF00FF00FF00FF00FF00FF00FF00FF00FF00FF00FF00FF00FF00FF00FF00FF00FF00FF00FF00FF00FF00FF00FF00FF00FF00FF00FF00FF00FF00FF00FF00FF00FF00FF00FF00FF00FF00FF00FF00FF00FF00FF00FF00FF00FF00FF00FF00FF00FF00FF00FF00FF00FF00FF00FF00FF00FF00FF00FF00FF00FF00FF00FF00FF00FF00FF00FF00FF00FF00FF00FF00FF00FF00FF00FF00FF00FF00FF00FF00FF00FF00FF00FF00FF00FF00FF00FF00FF00FF00FF00FF00FF00FF00FF00FF00FF00FF00FF00AA7F3D7FFF00FF00FF00FF00FF00FF00FF00FF00FF00FF00FF00FF00FF00FF00DDFF00FF00FF00AFFF00FF00FF00FF00FF00FF00FF00FF00FF00FF00FF00FF00FF00FEFF00FF00FF00FF007FFF00FF00FF00FF00FF00FF00FF00FF00FF00FF00FF00FF00FEFF00FF00FF00FF00FF00F7FF00FF00FF00FF00FF00FF00FF00FF00FF00FF00FF00FF00FEFF00FF00FF00FF00FF00F7FF00FF00FF00FF00FF00FF00FF00FF00FF00FF00FF00FF00FF00FF00FF00FF00FF00FF00FF00FF00FF00FF00FF00FF00FF00FF00FF00FF00FF00FF00FF00FF00FF00FF00FF00FF00FF00FF00FF00FF00FF00FF00FF00FF00FF00FF00FF00FF00FF00F1FF00FF00FF00FF00FF00FE3FFF00FF00FF00FF00FF00FF00FF00FF00FF00FF00FEFF00FF00FF00FF00FF00FF00FF00FF00FF00FF00FF00FF00FF00FF00FF00FF00FF00FF00FDFF00FF00FF00FF00FF00FF00FEFF00FF00FF00FF00FF00FF00FF00FF00FF00FF00FF00E7FF00FF00FF00FF00FF00FF00FBFF00FF00FF00FF00FF00FF00FF00FF00FF00FF00FF00FF00FF00FF00FF00FF00FF00FF00FF00FF00FF00FF00FF00FF00FF00FF00FF00FF00FF00FF00BFFF00FF00FF00FF00FF00FF00DFFF00FF00FF00FF00FF00FF00FF00FF00FF00FF00FAFF00FF00FF00FF00FF00FF00FD7FFF00FF00FF00FF00FF00FF00FF00FF00FF00FF00FF00FF00FF00FF00FF00FF00FF00FF00FF00FF00FF00FF00FF00FF00FF00FF00FF00FF00FF009FFF00FF00FF00FF00FF00FF00FF00FF00FF00FF00FF00FF00FF00FF00FF00FF00FF00FF00FF00FF00FF00FF00FF00FF00F9FF00FF00FF00FF00FF00FF00FF00FF00FF00FF00FF00FF00DFFF00FF00FF00FF00FF00FBFF00FF00FF00FF00FF00FF00FF00FF00FF00FF00FF00FF00DFFF00FF00FF00FF00FEFF00FF00FF00FF00FF00FF00FF00FF00FF00FF00FF00FF00FF00C5FF00FF00FF00FE8FFF00FF00FF00FF00FF00FF00FF00FF00FF00FF00FF00FF00FF00FCDBEDF69FFF00FF00FF00FF00FF00FF00FF00FF00FF00FF00FF00FF00FF00FF00FF00FF00FF00FF00FF00FF00FF00FF00FF00FF00FF00FF00FF00FF00FF00FF00FF00FF00FF00FF00FF00FF00FF00FF00FF00FF00FF00FF00FF00FF00FF00FF00FF00FF00FF00FF00FF00FF00FF005FEEFF00FF00FF00FF00FF00FF00FF00FF00FF00FF00FF00FF00FF00FF00FF00FDEFFF00FF003FFF00FF00FF00FF00FF00FF00FF00FF00FF00FF00FF00FF00FF00FEFF00FF00FF00FF00FDDFFF00FF00FF00FF00FF00FF00FF00FF00FF00FF00FF00E6FF00FF00FF00FF00FF00FF009BFF00FF00FF00FF00FF00FF00FF00FF00FF00FF00FC7FFF00FF00FF00FF00FF00FF00F8FF00FF00FF00FF00FF00FF00FF00FF00FF00FF00EDFF00FF00FF00FF00FF00FF00FF00FB7FFF00FF00FF00FF00FF00FF00FF00FF00F3BFFF00FF00FF00FF00FF00FF00FF00FC7FFF00FF00FF00FF00FF00FF00FF00FEBFFF00FF00FF00FF00FF00FF00FF00FF00FF00DFFF00FF00FF00FF00FF00FF00FF00FEFF00FF00FF00FF00FF00FF00FF00FF00FF00FF007FFF00FF00FF00FF00FF00FF00FF007FFF00FF00FF00FF00FF00FF00FF00FF00FF00FEFF00FF00FF00FF00FF00FF00FF00FF00FF00FF00FF00FF00FF00FF00FF00FF00FF00FF00FF00FF00FF00FF00FF00FF00FF00FF009FFF00FF00FF00FF00FF00FF00FF00FF00FF00FF00FC7FFF00FF00FF00FF00FF00FF007FFF00FF00FF00FF00FF00FF00FF00FF00FF00FF00FF00FF00FF00FF00FF00FF00FF00F5FF00FF00FF00FF00FF00FF00FF00FF00FF00FF00FF00EEFF00FF00FF00FF00FF00FF00BFFF00FF00FF00FF00FF00FF00FF00FF00FF00FF00FF00F7FF00FF00FF00FF00FF00FF00FF00FF00FF00FF00FF00FF00FF00FF00FF00FF00FF00FF00BFFF00FF00FF00FFC4002711000201030304030100030000000000000102030011401241501321303122325142207090FFDA0008010201013F00FF00876B131A100DE844836AD2BF95A57F28C4876A308DA9A261C4A2173DA96354F0B46AF4E850F7E1A38CB9A000EC3C6403D8D491943C22A9736A000161E52011634EA50DB8389340F3CA9AC7051ADDB0645B37030AF6BE0CCBDAFC0A8B00B82C2E0AF0082EC061B8B3119F10F961CA3E59F0FDB0E6FB67C3BE1CDB67C1BE1CFB67C3BE1CDB67C27E58731F967A1B30386E6EC4F011B6B5BE0CAD653C0C4FA0D8E0CAFACDB828A4FE4F9E593F91C224C47634AEAFF5F1B3AA7DA9E627B0E1C4846F4273BD75C6E2BAEB5D75AEBAD75D6BAE3614673B51909DFF00D1E013EABA6DF95D17FCAE93FE574DBF28823DF14B131A108DEB428DBFCF429DA8C236A689870AB093EE95153EBE56457FB534247AE0550BFAA48C260BC61E990A7BCE8E32FDF6A000EC30C807B1A92329DF6CC8E3BF73EB1E48F4771EB2A34D66FB64C89A0DF6C855D66D40002C32480458D32E83638F1A68197226B18D12DCDF3655B1BE2A2E85B66BAEB5B6244B76CF956CD8708B2DF3E65BADF0D4585B3D85C5B0A317238190589C1847CB81987CBC3FFFC4003A110001030103070A0504020300000000000102030405002140111231325051B1131422416171A1C1D1E130428191F0062343F11533207090FFDA0008010301013F00FF00C3B8F4B9322F09C8379BBDECD501B1FED593DD77AD9149868F932F793EB610628FE31F6B18314FF18FB5974986BF932771367680D9FF0052C8EFBFD2D2297263DE53946F17FBEC98909D98AC8D8BBACF55A253188990E4CAADE7CB77C1974C625E539322B78F3DF69709D86AC8E0BBA8F56C6A7D3D53577DC91A4F959A690C2036D8C807C375A43E82DB832836A853D509775E93A0F96C4891952DD0D27EBD82CCB288E80DB62E1F15E6512105B705C6D2E32A23A5A57D3B46C3A4C3E6CCE72874957FA0F8F5687CE59CE48E926FF51B0A991B9CC84A55A05E703538DCDA42929D06F1B0684C66325D3F31F01EF81AEB19EC8747CA7C0FBEC18AD720C25BDC30329AE5D8537BC6C088DF2AFA51BC8C1CB6F927D48DC4E3E8E8CF989ECCBC307584664C576E4E18FA0A72C851DC3CC60EBC9C9212778F338FA00FDC70F60C1D7C7EE367B0E3FF004FEBB9F4F3C1FEA0D76FEBE58FA02BF7563B3075F57EEA07663E88BCC95937823CFCB075B5E7CAC9B801E7E78F86EF21212BDC7FBC1CC779790B70759FEB6053A47398E95F58B8F78C0D4647368EA5759B8779FCCBB0691379B3B98B3D1571EA381ABCDE72EE620F453E276152AA832061F3DC7C8FC7AAD50005860F79F21B12155DD8A021CE927C45A3CF8F2474157EE3A7E1C89F1E30E9AAFDC34DA6D5DD940A1BE8A7C4EC766A1258D459E3C6CDD79F1AE907C2C9FD409F991E3ED615F63AD27C2DFE7A36E57D87ADBFCF46DCAFB0F5B1AFB1D493E1657EA04FCA8F1F6B395E7CEA240F1B3D5092FEBACF0E1FF47A5B5B9A832D930252F55B3F6B0A5CC3FC7C2C697307F1F0B2A04A46B367ED6536B6F5C64D951E952645F9B9076DDEF66682D0BDD513DD759A8119AD46C71E36000B87FC4806E3676046775DB1C3859EA0B46F694477DF6914A931EFCDCA3B2FF7D8B128CF3FD273A23C7ED68D01889A89BF79D3F9DDF164C0625EBA6FDE34FE77DA5D19E8FD26BA43C7EDE9B062C47662F35B1F5EA16854C66180AD2ADFE9819B4C66602AD0ADFEB69511D86BCD707D7A8E3A9F4C5CC39EAB91BF7F7599650C2021B19060DE650FA0A1C1945AA14C5C339E9BD1BF777E32994C32CF2AE6A71F6B2521002522EC2A92160A542EB54E98621E55BD4E1ED8AA653CCC5E72B5069EDECB2521002522E1875242C14A85C6D53A7986BCE4EA1D1D9D9888B1952DD0DA7FA166594476C368170C4BCCA24365B58B8DA54654474B6AFEC61E970B9A359CAD63A7D3175485CEDACE4EB0D1E986A3C4E70F728A1D14F1EAF5C6D6227377B9448E8AB8F5FAE16046E68C25BEBD27BFF2EC6CF8BCED8523AF48EFC25263F389232E84DFE9E38FAB47E42492342AFF005F1C1D0D8E4D82E9D2A3E03F0E3EB8C728C0746949F03F830405A3B5C83696F70C7C86B976D4DEF16230301BE564B69EDE17EC19EDF2525C4F6F1BF0343467CACBB81F4D835C4664ACEDE07A7C1FFFC400461000010203040508050B0205050000000001020304050607111221003140415113142232617181B108507291A1152330344252628292A2C224632044B2C1D325437090F0FFDA0008010100013F00FF00D1D1CB5E9515AB5194D9532ECC39E44A7ACCC200E1078155F8476826FECD26FE9053574A91239142C3A7AA95C4ACBAAEFB93701EF3A46DAEDA0C6923E5E53093F65965B45DE386FF008E8E57D5B3A6F5555341ECC4AD3E4468DD7D5B346F4D55343ED44AD5E64E9056BB6810647FD794F247D97996D57F8E1BFE3A4A7D20A6CD29299DC8A16213F6950CB534AEFB95881F8694EDAB5195214B2D4C399C4ABAACC580D9278055F84F6006FECD067ABD515756B21A320B9CCD622F79693C8C3377171D2380DC3B4E5E3969585A8D4D56A96C29FE65007A29858724023F1AB22BF80ECFA1A3ED46A6A4948612FF003D801D1542C412401F8159947C4766948D6B21ACE0B9CCAA22E79091CB43397071A2788DE3B465E397A9AD12D0E0A888008682222671093CDD8BF2035635EF09F3390DE44D66D319D47BB339AC52E2225E37A9C57C001B8700321F472A9B4C64B1ED4CE5514B878964DE9713F1046F1C41C8E9677685055C40143A10C4CE1C0E5E1C1C88D58D1BCA7C8E47713EA3ABEA881A4244FCE237A451D161ABEE2EBA7AA91E77EE179D27539984FE66FCDE66F29D888856252B70E090370032BBE964B399848266C4DE58F29A88875624AB71E292378232BB4A46A881ABE46C4E60FA257D179ABEF2D383AC93E77EF041F51DAE564AA9EA45C242BD7CBE5A54CB384E4E2F52D7DB79170EC1DBF4F647589A5EA4441C53B74BE64A4B2F623936BBFA0BF79B8F61BF70F515A7D4C697A463225877045457F4B0D87585AC66A1DC90A3DE06C3661531AA291858A7DCC5150BFD2C4F12B401728F7A5493DF7FA86DEE7A632A1859136BBDB973389C1FDD733CFB92947BCEC36093D30750C5489C5DCDCC59C4D8FEEB79E5DE952FDC3D4072D7A5553554F2A4994DB15E989897149F62FB903C1213B0D2D36322A925B360BB930D128539EC5F72C78A4A86833D5B7D5F3032BA5A6D30C5854CC13AA4ABF161213F12363A426066B4B4A662A3894F4134A51FC61202BE37EDF6CB16616CFE60906E5442996878B8927E00EC76351662ACFE5E926F543A9E68F838A23E046DF6FD11C9D2106C039BD1E8C5DC1B59F3C3B1D80C4972918B873D6663D77771420F9E2DBFD215CBA53286BEF44B8AFD2903FDF63F47A72F94CDDAFBB12DABF5248FF6DBFD223EA524E1CABFE48D8FD1DFEA53BE1CAB1E4BDBFD2119264B2988C3D48A5A7DE8BFF8EC7E8F6C91259B4461EBC5213EE45FFCB6FB73833134317C0FA9C5B4F13C01BD1FCF63B0C8330D4307C8FAE45BAF03C40B91FC36FAD25467749CD65684E25BD0ABE4C71700C48FDC13B1D152A548E93954AD68C2E330A8E5070591897FB89F505A453AAA66AE8E824A30C3BCAE730D965C9ACDE00F64E24F86C366F4EAAA5ABE060948C50ECAB9CC4F0E4D17120F79B93E3EA1B60A295544884C6019C730968538DA46B75B3D74769CAF1EE1AF61B1FA2974C488CC63D9E4E613201C5255ADA687510781CEFEFC8EAF515AC5953C879FAA2998652DB5DEE45C2B63349DEE206F1BC81AB58CB57D35945953AB759AA2A785C0DA6E721215C19A8EB0B58DC06E075EB396BF51D6D63924A954E4C254532D982EF529491F34E9E2A48D47F127BC83A547405574B2946672A74B09FF0030CFCE34471C4357E6B8F67D1D394055754A926592A7430AFF0030F7CDB4071C475FE5BCF66944D8E4929A537309A94CCA608B9495287CD3478A52759FC4AEF007A98A78E938B3CA2E7854B8FA7A179456B71A05A593C494917F8DFA47D80D2EF9260267318551FB2A297123C08BFE3A457A3C450BF99D52D2C7DD7614A7C947473D1FAA807E6671295FB45C4F927436055983F5F941F65E73FE3D05815664FD7E503DA79CFF008F46FD1FAA827E7A712947B25C579A7485F4788A3773CAA5A40FBAD429579A869016034BB0418F99CC62943ECA4A5B49F002FF008E927B3CA2E4652B80A7A17944EA71D05D583C415137785DA04F0FFC1D173097C0271C7C743C327EF3AEA503F711A445A0D110B93B554B5446BE4DF4AFFD37E8BB57B3E475AA460DDF75A70F92744DABD9F2B34D48C67C5B7079A7487B41A222B26AAA96A49D5CA3E947FAAED212612F8F4E3808E87894FDE69D4AC7ED27D52A2120951B80CC93A5416B345D3F89A54CB9F3E9E8F25040386FED55F847BEFECD2756FF003A882A6E4528878346A0E3C4BABEF005C91E20E934B41AD2704F3CA9234A55D64B4BE4907F2A2E074756B7565D716A5A8F594A3793E3FE1696B6961D6D6A428755493711E3A4AED06B49391CCEA48D094F552EAF9540FCABBC0D24B6FF003A87296E7B28878C46A2E324B4BEF20DE93E00694FDAC517506169332E6310AFFB51B7367C157E13FAAFECD1242802937839823D464848C4A55C07494A3A55F6D34F4831C1C9B0CD63137825B5DCCB67B57F6BB937F78D2A6B40AAAAB52933299AD30EAEAC3B3D0680F6475BF35E7E9699B40AAA9452532D99AD50E9EB43BDD3688F64F57F2DC74A42DA69E9FE0839CE195462AE00B8BBD970F62FECF72AEEF3A021431255783D24A87A82A8ABE4747C173C9CC5E02ABF926539B8E91B929F326E0379D2B6B52A82B02B850EAA065A7A2219A3D61F8D5AD5DDABB37EC344DA9541482910AA7551D2D1AE15D57547E056B4F76AECDFA52D57C8EB081E7B278BC453772ACAB271A277293E4464771DBAD12D425D46B4A8082C1173658E8B57F459BF529777C13ACF60CF49C4E6673E8F7263378C5C4C4BBD652B70DC00D40700321B1C9E733390C7B73194462E1A25AEAA93BC6F046A2388391D2CEED425F59349808DC1093640E9357F45E035A917FF00A758ED19ED96A369EDD2AD2A4B255A5C9B3A9E92B2298649D448DEA3B8789CAE05F887E25E722625E5BAEBAA2A71C51254B51CC924E64ECAC443F0CF37130CF2DA75A50536E2490A4286608233074B2EB506EAA693259D2D2DCDDA4F415A931491AC8DC1638788DE06D369D684CD192E10B04A4AE6D1693C8A4E61A46A2E28790DE7B01D22221F8B7DC8A8A796EBAEA8A9C7146F529473249E3B3C3C43F08FB7150AF2DA75A50536E24DCA4A866083C74B31B4266B3969858E2944DA11239648C83A9D41C48F31B8F611B455953C0525237E731D9848C2D377DC5D70F5523BFE02F3A4EE751F50CD2226F337B94888856251DC06E481B801901B4C92751F4F4D21E6F2C7B93888756249DC46F491BC11911A52753C0D5D24879CC09BB1A70BADDF7969C1D649FF00ECC5C76626ECCE40696AB5B2AAE9FA9A8476F96C015350D875387ED39F9AECBB2EEDDAECAAB655233F4B516EDD2D8F296A2716A6CFD973F2DF9F65FD9A037E6330765B66AC0D3D4EFC9304F618E9ADED85275B6C8EBABB2FEA8EF376ADB6C66B0350D3BF24C6BD8A3A5573654AD6E327A8AEDBBAA7B85FAF6452C2012A3840E9152B701A57F52AAACAA2326895A8C3A55C8C2A78349C93FABA4AEF3B6D0153AA92AA20E6A56A10E55C8C5278B4AC95DF87A2A1DA34494AD21C49BD2537A549DE363B5EA88C828D89432BC3133157346B0EB0143A67F4850EF236FB21A88CFE8C866DE5E289971E68EDFAEE48180FE92917F10763B789E18EAA189334BBDB96323127FBAE748FEDC1B7D83CF0C0550FC99D5DCDCCD93847F75BBD43F6E3D896A4B482B5AAE4A412A51DC069514D553C9F4C26EBC5FD5C4ADC18B7249E88F7611B7D3B35548E7D2F9C2717F49128755877A41E90F7621A214975016855E950052A1BC1D86D0665F24D17388D49C2A10AA6D278297D049F7A87A86CFA65F2B517278D51C4A30A96D478A91D051F7A4EC36EB1C61A88E6F7E71716D358788014AFE23D436151BCE68830E4DE6122DD6AEE0084ABF91FA1FFD9,'ADMIN');